ISBN,Location
9780743254564,A4
71162004953,A4
9781400033768,A4
9780307275707,A4
9781400078370,A4
9780802121103,A4
9780060932138,A4
9780802144010,A4
9781250306067,A4
9780802121981,A4
71149003955,A4
9780375713439,A4
9780060834876,A4
9780066238500,A4
9780307454546,A4
9780802148971,A4
9780156030205,A4
9780375706677,A4
9780307278364,A4
9780345803450,A4
9780316200929,A4
9780316349154,A4
9780307455925,A4
9780525541349,A4
9798374092042,A4
9781324092711,A4
9781324095118,A4
9780394583747,A4
9781626543058,A4
9780143127765,A4
9780743246132,A4

